CREATE TABLE CUSTOMER (CNAME VARCHAR(15) PRIMARY KEY ,CITY	VARCHAR(20) NOT NULL );
CREATE TABLE  BRANCH (BNAME VARCHAR(20) PRIMARY KEY,CITY VARCHAR(30) CHECK (CITY IN ('NAGPUR','DELHI','BANGALORE','BOMBAY')) NOT NULL);
CREATE TABLE BORROW (LOANNO VARCHAR(8) CHECK (LOANNO LIKE 'L%')  PRIMARY KEY,CNAME VARCHAR(15) REFERENCES CUSTOMER(CNAME) ,BNAME VARCHAR(20) REFERENCES BRANCH(BNAME),AMOUNT FLOAT(8) CHECK (AMOUNT>0) NOT NULL);
CREATE TABLE DEPOSIT (ACTNO	VARCHAR(5) CHECK (ACTNO LIKE 'D%')	PRIMARY KEY ,CNAME VARCHAR(15) REFERENCES CUSTOMER(CNAME) ,BNAME VARCHAR(20) REFERENCES BRANCH(BNAME),AMOUNT FLOAT(8) CHECK (AMOUNT>0) NOT NULL, ADATE DATE);
 INSERT INTO CUSTOMER VALUES('ANIL','CALCUTTA');
INSERT INTO CUSTOMER VALUES('SUNIL','DELHI');
INSERT INTO CUSTOMER VALUES('MEHUL','BARODA');
    INSERT INTO CUSTOMER VALUES('MANDAR','PATNA');
    INSERT INTO CUSTOMER VALUES('MADHURI','NAGPUR');
    INSERT INTO CUSTOMER VALUES('PRAMOD',	'NAGPUR');
    INSERT INTO CUSTOMER VALUES('SANDIP','SURAT');
    INSERT INTO CUSTOMER VALUES('SHIVANI','BOMBAY');
    INSERT INTO CUSTOMER VALUES('KRANTI','BOMBAY');
    INSERT INTO CUSTOMER VALUES('NAREN','BOMBAY');
    INSERT INTO BRANCH VALUES('VRCE','NAGPUR');
INSERT INTO BRANCH VALUES('AJNI','NAGPUR');
INSERT INTO BRANCH VALUES('KAROLBAGH','DELHI');
INSERT INTO BRANCH VALUES('CHANDNI'	,'DELHI');
INSERT INTO BRANCH VALUES('DHARAMPETH'	,'NAGPUR');
INSERT INTO BRANCH VALUES('MG ROAD'	,'BANGALORE');
INSERT INTO BRANCH VALUES('ANDHERI',	'BOMBAY');
INSERT INTO BRANCH VALUES('NEHRU PALACE'	,'DELHI');
INSERT INTO BRANCH VALUES('POWAI','BOMBAY');

INSERT INTO DEPOSIT VALUES('D100','ANIL','VRCE',	1000.00	,'1995-03-01');
INSERT INTO DEPOSIT VALUES('D101','SUNIL','ANJNI',500.00,'1996-01-04');
INSERT INTO DEPOSIT VALUES('D102','MEHUL','KAROLBAGH',3500.00,'1995-11-15');
INSERT INTO DEPOSIT VALUES('D104','MADHURI','CHANDNI',1200.00,'1995-12-17');
INSERT INTO DEPOSIT VALUES('D105','PRAMOD'	,'MG ROAD'	,3000.00	,'1996-03-27');
INSERT INTO DEPOSIT VALUES('D106','SANDIP	','ANDHERI',2000.00,'1996-03-31');
INSERT INTO DEPOSIT VALUES('D107'	,'SHIVANI'	,'VIRAR'	,1000.00	,'1995-09-05');
INSERT INTO DEPOSIT VALUES('D108'	,'KRANTI',	'NEHRU PLACE'	,5000.00,'1995-07-02');
INSERT INTO DEPOSIT VALUES('D109'	,'MINU',	'POWAI'	,7000.00	,'1995-08-10');
INSERT INTO BORROW VALUES('L201',	'ANIL',	'VRCE',	1000.00);
INSERT INTO BORROW VALUES('L206',	'MEHUL',	'AJNI',	5000.00);
INSERT INTO BORROW VALUES('L311',	'SUNIL',	'DHARAMPETH',	3000.00);
INSERT INTO BORROW VALUES('L321',	'MADHURI',	'ANDHERI',	2000.00);
INSERT INTO BORROW VALUES('L371',	'PRAMOD',	'VIRAR',	8000.00);
INSERT INTO BORROW VALUES('L481',	'KRANTI',	'NEHRU PLACE',	3000.00);
SELECT*FROM DEPOSIT;
SELECT*FROM BORROW;
SELECT*FROM CUSTOMER;
 SELECT*FROM BRANCH;
 SELECT ACTNO,AMOUNT FROM DEPOSIT;
 SELECT CNAME,ACTNO FROM DEPOSIT;
SELECT CNAME FROM CUSTOMER;
  SELECT BNAME FROM BRANCH;
 SELECT CNAME FROM BORROW;
 SELECT CNAME FROM CUSTOMER WHERE CITY='NAGPUR';
 select CNAME from DEPOSIT where AMOUNT>4000;
 SELECT ADATE FROM DEPOSIT where CNAME='ANIL';
 select BNAME from BRANCH where CITY='Bombay';
 select * from BORROW;
 select CNAME from BORROW where LOANNO='L205';
select CNAME from DEPOSIT WHERE BNAME='VRCE';
select BNAME from BRANCH WHERE CITY='Delhi';
select CNAME from DEPOSIT WHERE ADATE='1996-12-01';
select ACTNO,AMOUNT from DEPOSIT WHERE ADATE BETWEEN '1996-12-01' AND '1996-05-01';
select CITY from BRANCH where BNAME='KAROLBAGH' ;
select * from CUSTOMER join BORROW on CUSTOMER.cname=BORROW.cname join DEPOSIT on DEPOSIT.cname=BORROW.cname where CUSTOMER.cname='ANIL';
